kmer_in_sequence,kmer_in_alphabet,hashval,read_name,filename
MAHAGRTGYDNREI,ebdbbdbbfccdce,11826332684766360684,sp|P10415|BCL2_HUMAN Apoptosis regulator Bcl-2 OS=Homo sapiens OX=9606 GN=BCL2 PE=1 SV=2,bcl2_P10415.fasta
AHAGRTGYDNREIV,bdbbdbbfccdcee,3901678663126905331,sp|P10415|BCL2_HUMAN Apoptosis regulator Bcl-2 OS=Homo sapiens OX=9606 GN=BCL2 PE=1 SV=2,bcl2_P10415.fasta
HAGRTGYDNREIVM,dbbdbbfccdceee,14005664135699617258,sp|P10415|BCL2_HUMAN Apoptosis regulator Bcl-2 OS=Homo sapiens OX=9606 GN=BCL2 PE=1 SV=2,bcl2_P10415.fasta
AGRTGYDNREIVMK,bbdbbfccdceeed,2048321902586344615,sp|P10415|BCL2_HUMAN Apoptosis regulator Bcl-2 OS=Homo sapiens OX=9606 GN=BCL2 PE=1 SV=2,bcl2_P10415.fasta
GRTGYDNREIVMKY,bdbbfccdceeedf,4907228641394994682,sp|P10415|BCL2_HUMAN Apoptosis regulator Bcl-2 OS=Homo sapiens OX=9606 GN=BCL2 PE=1 SV=2,bcl2_P10415.fasta
RTGYDNREIVMKYI,dbbfccdceeedfe,6860464608812926485,sp|P10415|BCL2_HUMAN Apoptosis regulator Bcl-2 OS=Homo sapiens OX=9606 GN=BCL2 PE=1 SV=2,bcl2_P10415.fasta
TGYDNREIVMKYIH,bbfccdceeedfed,845158040986039508,sp|P10415|BCL2_HUMAN Apoptosis regulator Bcl-2 OS=Homo sapiens OX=9606 GN=BCL2 PE=1 SV=2,bcl2_P10415.fasta
GYDNREIVMKYIHY,bfccdceeedfedf,3619098196984076787,sp|P10415|BCL2_HUMAN Apoptosis regulator Bcl-2 OS=Homo sapiens OX=9606 GN=BCL2 PE=1 SV=2,bcl2_P10415.fasta
YDNREIVMKYIHYK,fccdceeedfedfd,3158021502481273865,sp|P10415|BCL2_HUMAN Apoptosis regulator Bcl-2 OS=Homo sapiens OX=9606 GN=BCL2 PE=1 SV=2,bcl2_P10415.fasta
DNREIVMKYIHYKL,ccdceeedfedfde,809431359643958514,sp|P10415|BCL2_HUMAN Apoptosis regulator Bcl-2 OS=Homo sapiens OX=9606 GN=BCL2 PE=1 SV=2,bcl2_P10415.fasta
NREIVMKYIHYKLS,cdceeedfedfdeb,11898618330874684265,sp|P10415|BCL2_HUMAN Apoptosis regulator Bcl-2 OS=Homo sapiens OX=9606 GN=BCL2 PE=1 SV=2,bcl2_P10415.fasta
REIVMKYIHYKLSQ,dceeedfedfdebc,11812888600801173780,sp|P10415|BCL2_HUMAN Apoptosis regulator Bcl-2 OS=Homo sapiens OX=9606 GN=BCL2 PE=1 SV=2,bcl2_P10415.fasta
EIVMKYIHYKLSQR,ceeedfedfdebcd,16708170959412551460,sp|P10415|BCL2_HUMAN Apoptosis regulator Bcl-2 OS=Homo sapiens OX=9606 GN=BCL2 PE=1 SV=2,bcl2_P10415.fasta
IVMKYIHYKLSQRG,eeedfedfdebcdb,476880288342025469,sp|P10415|BCL2_HUMAN Apoptosis regulator Bcl-2 OS=Homo sapiens OX=9606 GN=BCL2 PE=1 SV=2,bcl2_P10415.fasta
VMKYIHYKLSQRGY,eedfedfdebcdbf,2610682223146287190,sp|P10415|BCL2_HUMAN Apoptosis regulator Bcl-2 OS=Homo sapiens OX=9606 GN=BCL2 PE=1 SV=2,bcl2_P10415.fasta
MKYIHYKLSQRGYE,edfedfdebcdbfc,12098301779343078994,sp|P10415|BCL2_HUMAN Apoptosis regulator Bcl-2 OS=Homo sapiens OX=9606 GN=BCL2 PE=1 SV=2,bcl2_P10415.fasta
KYIHYKLSQRGYEW,dfedfdebcdbfcf,6717006566580579196,sp|P10415|BCL2_HUMAN Apoptosis regulator Bcl-2 OS=Homo sapiens OX=9606 GN=BCL2 PE=1 SV=2,bcl2_P10415.fasta
YIHYKLSQRGYEWD,fedfdebcdbfcfc,7995837189174685506,sp|P10415|BCL2_HUMAN Apoptosis regulator Bcl-2 OS=Homo sapiens OX=9606 GN=BCL2 PE=1 SV=2,bcl2_P10415.fasta
IHYKLSQRGYEWDA,edfdebcdbfcfcb,14528883928618470480,sp|P10415|BCL2_HUMAN Apoptosis regulator Bcl-2 OS=Homo sapiens OX=9606 GN=BCL2 PE=1 SV=2,bcl2_P10415.fasta
HYKLSQRGYEWDAG,dfdebcdbfcfcbb,1210230438158849927,sp|P10415|BCL2_HUMAN Apoptosis regulator Bcl-2 OS=Homo sapiens OX=9606 GN=BCL2 PE=1 SV=2,bcl2_P10415.fasta
YKLSQRGYEWDAGD,fdebcdbfcfcbbc,8680973215040048466,sp|P10415|BCL2_HUMAN Apoptosis regulator Bcl-2 OS=Homo sapiens OX=9606 GN=BCL2 PE=1 SV=2,bcl2_P10415.fasta
KLSQRGYEWDAGDV,debcdbfcfcbbce,7221858070774547422,sp|P10415|BCL2_HUMAN Apoptosis regulator Bcl-2 OS=Homo sapiens OX=9606 GN=BCL2 PE=1 SV=2,bcl2_P10415.fasta
LSQRGYEWDAGDVG,ebcdbfcfcbbceb,2912404913267461227,sp|P10415|BCL2_HUMAN Apoptosis regulator Bcl-2 OS=Homo sapiens OX=9606 GN=BCL2 PE=1 SV=2,bcl2_P10415.fasta
SQRGYEWDAGDVGA,bcdbfcfcbbcebb,5839317972133944457,sp|P10415|BCL2_HUMAN Apoptosis regulator Bcl-2 OS=Homo sapiens OX=9606 GN=BCL2 PE=1 SV=2,bcl2_P10415.fasta
QRGYEWDAGDVGAA,cdbfcfcbbcebbb,2549898777302382640,sp|P10415|BCL2_HUMAN Apoptosis regulator Bcl-2 OS=Homo sapiens OX=9606 GN=BCL2 PE=1 SV=2,bcl2_P10415.fasta
RGYEWDAGDVGAAP,dbfcfcbbcebbbb,14167998511217534848,sp|P10415|BCL2_HUMAN Apoptosis regulator Bcl-2 OS=Homo sapiens OX=9606 GN=BCL2 PE=1 SV=2,bcl2_P10415.fasta
GYEWDAGDVGAAPP,bfcfcbbcebbbbb,4183422904975830861,sp|P10415|BCL2_HUMAN Apoptosis regulator Bcl-2 OS=Homo sapiens OX=9606 GN=BCL2 PE=1 SV=2,bcl2_P10415.fasta
YEWDAGDVGAAPPG,fcfcbbcebbbbbb,9763468278089876973,sp|P10415|BCL2_HUMAN Apoptosis regulator Bcl-2 OS=Homo sapiens OX=9606 GN=BCL2 PE=1 SV=2,bcl2_P10415.fasta
EWDAGDVGAAPPGA,cfcbbcebbbbbbb,574487215545221929,sp|P10415|BCL2_HUMAN Apoptosis regulator Bcl-2 OS=Homo sapiens OX=9606 GN=BCL2 PE=1 SV=2,bcl2_P10415.fasta
WDAGDVGAAPPGAA,fcbbcebbbbbbbb,7961807801735291185,sp|P10415|BCL2_HUMAN Apoptosis regulator Bcl-2 OS=Homo sapiens OX=9606 GN=BCL2 PE=1 SV=2,bcl2_P10415.fasta
DAGDVGAAPPGAAP,cbbcebbbbbbbbb,17170962334713404330,sp|P10415|BCL2_HUMAN Apoptosis regulator Bcl-2 OS=Homo sapiens OX=9606 GN=BCL2 PE=1 SV=2,bcl2_P10415.fasta
AGDVGAAPPGAAPA,bbcebbbbbbbbbb,2874273850635229528,sp|P10415|BCL2_HUMAN Apoptosis regulator Bcl-2 OS=Homo sapiens OX=9606 GN=BCL2 PE=1 SV=2,bcl2_P10415.fasta
GDVGAAPPGAAPAP,bcebbbbbbbbbbb,10071431717291236665,sp|P10415|BCL2_HUMAN Apoptosis regulator Bcl-2 OS=Homo sapiens OX=9606 GN=BCL2 PE=1 SV=2,bcl2_P10415.fasta
DVGAAPPGAAPAPG,cebbbbbbbbbbbb,8714965109519846210,sp|P10415|BCL2_HUMAN Apoptosis regulator Bcl-2 OS=Homo sapiens OX=9606 GN=BCL2 PE=1 SV=2,bcl2_P10415.fasta
VGAAPPGAAPAPGI,ebbbbbbbbbbbbe,11542082105397509463,sp|P10415|BCL2_HUMAN Apoptosis regulator Bcl-2 OS=Homo sapiens OX=9606 GN=BCL2 PE=1 SV=2,bcl2_P10415.fasta
GAAPPGAAPAPGIF,bbbbbbbbbbbbef,13113385543297271509,sp|P10415|BCL2_HUMAN Apoptosis regulator Bcl-2 OS=Homo sapiens OX=9606 GN=BCL2 PE=1 SV=2,bcl2_P10415.fasta
AAPPGAAPAPGIFS,bbbbbbbbbbbefb,9179791910606023587,sp|P10415|BCL2_HUMAN Apoptosis regulator Bcl-2 OS=Homo sapiens OX=9606 GN=BCL2 PE=1 SV=2,bcl2_P10415.fasta
APPGAAPAPGIFSS,bbbbbbbbbbefbb,8147758731828233126,sp|P10415|BCL2_HUMAN Apoptosis regulator Bcl-2 OS=Homo sapiens OX=9606 GN=BCL2 PE=1 SV=2,bcl2_P10415.fasta
PPGAAPAPGIFSSQ,bbbbbbbbbefbbc,15086580492514648449,sp|P10415|BCL2_HUMAN Apoptosis regulator Bcl-2 OS=Homo sapiens OX=9606 GN=BCL2 PE=1 SV=2,bcl2_P10415.fasta
PGAAPAPGIFSSQP,bbbbbbbbefbbcb,9609250111655263794,sp|P10415|BCL2_HUMAN Apoptosis regulator Bcl-2 OS=Homo sapiens OX=9606 GN=BCL2 PE=1 SV=2,bcl2_P10415.fasta
GAAPAPGIFSSQPG,bbbbbbbefbbcbb,1813254117308790789,sp|P10415|BCL2_HUMAN Apoptosis regulator Bcl-2 OS=Homo sapiens OX=9606 GN=BCL2 PE=1 SV=2,bcl2_P10415.fasta
AAPAPGIFSSQPGH,bbbbbbefbbcbbd,6638893760955619475,sp|P10415|BCL2_HUMAN Apoptosis regulator Bcl-2 OS=Homo sapiens OX=9606 GN=BCL2 PE=1 SV=2,bcl2_P10415.fasta
APAPGIFSSQPGHT,bbbbbefbbcbbdb,13001585308719496635,sp|P10415|BCL2_HUMAN Apoptosis regulator Bcl-2 OS=Homo sapiens OX=9606 GN=BCL2 PE=1 SV=2,bcl2_P10415.fasta
PAPGIFSSQPGHTP,bbbbefbbcbbdbb,2172455382488647767,sp|P10415|BCL2_HUMAN Apoptosis regulator Bcl-2 OS=Homo sapiens OX=9606 GN=BCL2 PE=1 SV=2,bcl2_P10415.fasta
APGIFSSQPGHTPH,bbbefbbcbbdbbd,7467174458981382665,sp|P10415|BCL2_HUMAN Apoptosis regulator Bcl-2 OS=Homo sapiens OX=9606 GN=BCL2 PE=1 SV=2,bcl2_P10415.fasta
PGIFSSQPGHTPHP,bbefbbcbbdbbdb,10462102843468622717,sp|P10415|BCL2_HUMAN Apoptosis regulator Bcl-2 OS=Homo sapiens OX=9606 GN=BCL2 PE=1 SV=2,bcl2_P10415.fasta
GIFSSQPGHTPHPA,befbbcbbdbbdbb,53721206784332749,sp|P10415|BCL2_HUMAN Apoptosis regulator Bcl-2 OS=Homo sapiens OX=9606 GN=BCL2 PE=1 SV=2,bcl2_P10415.fasta
IFSSQPGHTPHPAA,efbbcbbdbbdbbb,658155112761941503,sp|P10415|BCL2_HUMAN Apoptosis regulator Bcl-2 OS=Homo sapiens OX=9606 GN=BCL2 PE=1 SV=2,bcl2_P10415.fasta
FSSQPGHTPHPAAS,fbbcbbdbbdbbbb,16194101947648161065,sp|P10415|BCL2_HUMAN Apoptosis regulator Bcl-2 OS=Homo sapiens OX=9606 GN=BCL2 PE=1 SV=2,bcl2_P10415.fasta
SSQPGHTPHPAASR,bbcbbdbbdbbbbd,2086213877584560822,sp|P10415|BCL2_HUMAN Apoptosis regulator Bcl-2 OS=Homo sapiens OX=9606 GN=BCL2 PE=1 SV=2,bcl2_P10415.fasta
SQPGHTPHPAASRD,bcbbdbbdbbbbdc,3550539842016041537,sp|P10415|BCL2_HUMAN Apoptosis regulator Bcl-2 OS=Homo sapiens OX=9606 GN=BCL2 PE=1 SV=2,bcl2_P10415.fasta
QPGHTPHPAASRDP,cbbdbbdbbbbdcb,6851207706863578463,sp|P10415|BCL2_HUMAN Apoptosis regulator Bcl-2 OS=Homo sapiens OX=9606 GN=BCL2 PE=1 SV=2,bcl2_P10415.fasta
PGHTPHPAASRDPV,bbdbbdbbbbdcbe,7378331372106662524,sp|P10415|BCL2_HUMAN Apoptosis regulator Bcl-2 OS=Homo sapiens OX=9606 GN=BCL2 PE=1 SV=2,bcl2_P10415.fasta
GHTPHPAASRDPVA,bdbbdbbbbdcbeb,17728983524696240313,sp|P10415|BCL2_HUMAN Apoptosis regulator Bcl-2 OS=Homo sapiens OX=9606 GN=BCL2 PE=1 SV=2,bcl2_P10415.fasta
HTPHPAASRDPVAR,dbbdbbbbdcbebd,9768685906958533587,sp|P10415|BCL2_HUMAN Apoptosis regulator Bcl-2 OS=Homo sapiens OX=9606 GN=BCL2 PE=1 SV=2,bcl2_P10415.fasta
TPHPAASRDPVART,bbdbbbbdcbebdb,5077492270537242718,sp|P10415|BCL2_HUMAN Apoptosis regulator Bcl-2 OS=Homo sapiens OX=9606 GN=BCL2 PE=1 SV=2,bcl2_P10415.fasta
PHPAASRDPVARTS,bdbbbbdcbebdbb,6608258815266850574,sp|P10415|BCL2_HUMAN Apoptosis regulator Bcl-2 OS=Homo sapiens OX=9606 GN=BCL2 PE=1 SV=2,bcl2_P10415.fasta
HPAASRDPVARTSP,dbbbbdcbebdbbb,16701534484943213415,sp|P10415|BCL2_HUMAN Apoptosis regulator Bcl-2 OS=Homo sapiens OX=9606 GN=BCL2 PE=1 SV=2,bcl2_P10415.fasta
PAASRDPVARTSPL,bbbbdcbebdbbbe,14828500325777431809,sp|P10415|BCL2_HUMAN Apoptosis regulator Bcl-2 OS=Homo sapiens OX=9606 GN=BCL2 PE=1 SV=2,bcl2_P10415.fasta
AASRDPVARTSPLQ,bbbdcbebdbbbec,13872639569093573257,sp|P10415|BCL2_HUMAN Apoptosis regulator Bcl-2 OS=Homo sapiens OX=9606 GN=BCL2 PE=1 SV=2,bcl2_P10415.fasta
ASRDPVARTSPLQT,bbdcbebdbbbecb,8434399849138920390,sp|P10415|BCL2_HUMAN Apoptosis regulator Bcl-2 OS=Homo sapiens OX=9606 GN=BCL2 PE=1 SV=2,bcl2_P10415.fasta
SRDPVARTSPLQTP,bdcbebdbbbecbb,7230173461374142817,sp|P10415|BCL2_HUMAN Apoptosis regulator Bcl-2 OS=Homo sapiens OX=9606 GN=BCL2 PE=1 SV=2,bcl2_P10415.fasta
RDPVARTSPLQTPA,dcbebdbbbecbbb,18213024668700611422,sp|P10415|BCL2_HUMAN Apoptosis regulator Bcl-2 OS=Homo sapiens OX=9606 GN=BCL2 PE=1 SV=2,bcl2_P10415.fasta
DPVARTSPLQTPAA,cbebdbbbecbbbb,1034265627522811615,sp|P10415|BCL2_HUMAN Apoptosis regulator Bcl-2 OS=Homo sapiens OX=9606 GN=BCL2 PE=1 SV=2,bcl2_P10415.fasta
PVARTSPLQTPAAP,bebdbbbecbbbbb,3721870077223694974,sp|P10415|BCL2_HUMAN Apoptosis regulator Bcl-2 OS=Homo sapiens OX=9606 GN=BCL2 PE=1 SV=2,bcl2_P10415.fasta
VARTSPLQTPAAPG,ebdbbbecbbbbbb,714212494008367281,sp|P10415|BCL2_HUMAN Apoptosis regulator Bcl-2 OS=Homo sapiens OX=9606 GN=BCL2 PE=1 SV=2,bcl2_P10415.fasta
ARTSPLQTPAAPGA,bdbbbecbbbbbbb,9742058283628820784,sp|P10415|BCL2_HUMAN Apoptosis regulator Bcl-2 OS=Homo sapiens OX=9606 GN=BCL2 PE=1 SV=2,bcl2_P10415.fasta
RTSPLQTPAAPGAA,dbbbecbbbbbbbb,2830007119725640988,sp|P10415|BCL2_HUMAN Apoptosis regulator Bcl-2 OS=Homo sapiens OX=9606 GN=BCL2 PE=1 SV=2,bcl2_P10415.fasta
TSPLQTPAAPGAAA,bbbecbbbbbbbbb,6607179591194091831,sp|P10415|BCL2_HUMAN Apoptosis regulator Bcl-2 OS=Homo sapiens OX=9606 GN=BCL2 PE=1 SV=2,bcl2_P10415.fasta
SPLQTPAAPGAAAG,bbecbbbbbbbbbb,9044162208338338112,sp|P10415|BCL2_HUMAN Apoptosis regulator Bcl-2 OS=Homo sapiens OX=9606 GN=BCL2 PE=1 SV=2,bcl2_P10415.fasta
PLQTPAAPGAAAGP,becbbbbbbbbbbb,9852974528334838997,sp|P10415|BCL2_HUMAN Apoptosis regulator Bcl-2 OS=Homo sapiens OX=9606 GN=BCL2 PE=1 SV=2,bcl2_P10415.fasta
LQTPAAPGAAAGPA,ecbbbbbbbbbbbb,17747079979248324823,sp|P10415|BCL2_HUMAN Apoptosis regulator Bcl-2 OS=Homo sapiens OX=9606 GN=BCL2 PE=1 SV=2,bcl2_P10415.fasta
QTPAAPGAAAGPAL,cbbbbbbbbbbbbe,2276296648677067709,sp|P10415|BCL2_HUMAN Apoptosis regulator Bcl-2 OS=Homo sapiens OX=9606 GN=BCL2 PE=1 SV=2,bcl2_P10415.fasta
TPAAPGAAAGPALS,bbbbbbbbbbbbeb,12411313387424799475,sp|P10415|BCL2_HUMAN Apoptosis regulator Bcl-2 OS=Homo sapiens OX=9606 GN=BCL2 PE=1 SV=2,bcl2_P10415.fasta
PAAPGAAAGPALSP,bbbbbbbbbbbebb,7712492497538949807,sp|P10415|BCL2_HUMAN Apoptosis regulator Bcl-2 OS=Homo sapiens OX=9606 GN=BCL2 PE=1 SV=2,bcl2_P10415.fasta
AAPGAAAGPALSPV,bbbbbbbbbbebbe,17403871027571751010,sp|P10415|BCL2_HUMAN Apoptosis regulator Bcl-2 OS=Homo sapiens OX=9606 GN=BCL2 PE=1 SV=2,bcl2_P10415.fasta
APGAAAGPALSPVP,bbbbbbbbbebbeb,15113796546140878248,sp|P10415|BCL2_HUMAN Apoptosis regulator Bcl-2 OS=Homo sapiens OX=9606 GN=BCL2 PE=1 SV=2,bcl2_P10415.fasta
PGAAAGPALSPVPP,bbbbbbbbebbebb,3578859106596183665,sp|P10415|BCL2_HUMAN Apoptosis regulator Bcl-2 OS=Homo sapiens OX=9606 GN=BCL2 PE=1 SV=2,bcl2_P10415.fasta
GAAAGPALSPVPPV,bbbbbbbebbebbe,17207887420363914781,sp|P10415|BCL2_HUMAN Apoptosis regulator Bcl-2 OS=Homo sapiens OX=9606 GN=BCL2 PE=1 SV=2,bcl2_P10415.fasta
AAAGPALSPVPPVV,bbbbbbebbebbee,14528273708425023314,sp|P10415|BCL2_HUMAN Apoptosis regulator Bcl-2 OS=Homo sapiens OX=9606 GN=BCL2 PE=1 SV=2,bcl2_P10415.fasta
AAGPALSPVPPVVH,bbbbbebbebbeed,5667453482858234856,sp|P10415|BCL2_HUMAN Apoptosis regulator Bcl-2 OS=Homo sapiens OX=9606 GN=BCL2 PE=1 SV=2,bcl2_P10415.fasta
AGPALSPVPPVVHL,bbbbebbebbeede,4228043445993968565,sp|P10415|BCL2_HUMAN Apoptosis regulator Bcl-2 OS=Homo sapiens OX=9606 GN=BCL2 PE=1 SV=2,bcl2_P10415.fasta
GPALSPVPPVVHLT,bbbebbebbeedeb,5939387153267262430,sp|P10415|BCL2_HUMAN Apoptosis regulator Bcl-2 OS=Homo sapiens OX=9606 GN=BCL2 PE=1 SV=2,bcl2_P10415.fasta
PALSPVPPVVHLTL,bbebbebbeedebe,2804632925832506317,sp|P10415|BCL2_HUMAN Apoptosis regulator Bcl-2 OS=Homo sapiens OX=9606 GN=BCL2 PE=1 SV=2,bcl2_P10415.fasta
ALSPVPPVVHLTLR,bebbebbeedebed,2638604434308002108,sp|P10415|BCL2_HUMAN Apoptosis regulator Bcl-2 OS=Homo sapiens OX=9606 GN=BCL2 PE=1 SV=2,bcl2_P10415.fasta
LSPVPPVVHLTLRQ,ebbebbeedebedc,2991726393902113615,sp|P10415|BCL2_HUMAN Apoptosis regulator Bcl-2 OS=Homo sapiens OX=9606 GN=BCL2 PE=1 SV=2,bcl2_P10415.fasta
SPVPPVVHLTLRQA,bbebbeedebedcb,17556256799826733967,sp|P10415|BCL2_HUMAN Apoptosis regulator Bcl-2 OS=Homo sapiens OX=9606 GN=BCL2 PE=1 SV=2,bcl2_P10415.fasta
PVPPVVHLTLRQAG,bebbeedebedcbb,10958124517287162329,sp|P10415|BCL2_HUMAN Apoptosis regulator Bcl-2 OS=Homo sapiens OX=9606 GN=BCL2 PE=1 SV=2,bcl2_P10415.fasta
VPPVVHLTLRQAGD,ebbeedebedcbbc,12894690088897321305,sp|P10415|BCL2_HUMAN Apoptosis regulator Bcl-2 OS=Homo sapiens OX=9606 GN=BCL2 PE=1 SV=2,bcl2_P10415.fasta
PPVVHLTLRQAGDD,bbeedebedcbbcc,12388646628271078678,sp|P10415|BCL2_HUMAN Apoptosis regulator Bcl-2 OS=Homo sapiens OX=9606 GN=BCL2 PE=1 SV=2,bcl2_P10415.fasta
PVVHLTLRQAGDDF,beedebedcbbccf,9071726556337041598,sp|P10415|BCL2_HUMAN Apoptosis regulator Bcl-2 OS=Homo sapiens OX=9606 GN=BCL2 PE=1 SV=2,bcl2_P10415.fasta
VVHLTLRQAGDDFS,eedebedcbbccfb,5442433138687992898,sp|P10415|BCL2_HUMAN Apoptosis regulator Bcl-2 OS=Homo sapiens OX=9606 GN=BCL2 PE=1 SV=2,bcl2_P10415.fasta
VHLTLRQAGDDFSR,edebedcbbccfbd,12645590733335741188,sp|P10415|BCL2_HUMAN Apoptosis regulator Bcl-2 OS=Homo sapiens OX=9606 GN=BCL2 PE=1 SV=2,bcl2_P10415.fasta
HLTLRQAGDDFSRR,debedcbbccfbdd,6547760418312736848,sp|P10415|BCL2_HUMAN Apoptosis regulator Bcl-2 OS=Homo sapiens OX=9606 GN=BCL2 PE=1 SV=2,bcl2_P10415.fasta
LTLRQAGDDFSRRY,ebedcbbccfbddf,17625068670204556091,sp|P10415|BCL2_HUMAN Apoptosis regulator Bcl-2 OS=Homo sapiens OX=9606 GN=BCL2 PE=1 SV=2,bcl2_P10415.fasta
TLRQAGDDFSRRYR,bedcbbccfbddfd,1754852250974495474,sp|P10415|BCL2_HUMAN Apoptosis regulator Bcl-2 OS=Homo sapiens OX=9606 GN=BCL2 PE=1 SV=2,bcl2_P10415.fasta
LRQAGDDFSRRYRR,edcbbccfbddfdd,10949795646369190318,sp|P10415|BCL2_HUMAN Apoptosis regulator Bcl-2 OS=Homo sapiens OX=9606 GN=BCL2 PE=1 SV=2,bcl2_P10415.fasta
RQAGDDFSRRYRRD,dcbbccfbddfddc,13337749691509102967,sp|P10415|BCL2_HUMAN Apoptosis regulator Bcl-2 OS=Homo sapiens OX=9606 GN=BCL2 PE=1 SV=2,bcl2_P10415.fasta
QAGDDFSRRYRRDF,cbbccfbddfddcf,12576307812825688283,sp|P10415|BCL2_HUMAN Apoptosis regulator Bcl-2 OS=Homo sapiens OX=9606 GN=BCL2 PE=1 SV=2,bcl2_P10415.fasta
AGDDFSRRYRRDFA,bbccfbddfddcfb,11536865760891001147,sp|P10415|BCL2_HUMAN Apoptosis regulator Bcl-2 OS=Homo sapiens OX=9606 GN=BCL2 PE=1 SV=2,bcl2_P10415.fasta
GDDFSRRYRRDFAE,bccfbddfddcfbc,13667394390067384615,sp|P10415|BCL2_HUMAN Apoptosis regulator Bcl-2 OS=Homo sapiens OX=9606 GN=BCL2 PE=1 SV=2,bcl2_P10415.fasta
DDFSRRYRRDFAEM,ccfbddfddcfbce,18007106931982053576,sp|P10415|BCL2_HUMAN Apoptosis regulator Bcl-2 OS=Homo sapiens OX=9606 GN=BCL2 PE=1 SV=2,bcl2_P10415.fasta
DFSRRYRRDFAEMS,cfbddfddcfbceb,5760848755994575912,sp|P10415|BCL2_HUMAN Apoptosis regulator Bcl-2 OS=Homo sapiens OX=9606 GN=BCL2 PE=1 SV=2,bcl2_P10415.fasta
FSRRYRRDFAEMSS,fbddfddcfbcebb,16982921929384251425,sp|P10415|BCL2_HUMAN Apoptosis regulator Bcl-2 OS=Homo sapiens OX=9606 GN=BCL2 PE=1 SV=2,bcl2_P10415.fasta
SRRYRRDFAEMSSQ,bddfddcfbcebbc,14640259519863637886,sp|P10415|BCL2_HUMAN Apoptosis regulator Bcl-2 OS=Homo sapiens OX=9606 GN=BCL2 PE=1 SV=2,bcl2_P10415.fasta
RRYRRDFAEMSSQL,ddfddcfbcebbce,13198447993323807526,sp|P10415|BCL2_HUMAN Apoptosis regulator Bcl-2 OS=Homo sapiens OX=9606 GN=BCL2 PE=1 SV=2,bcl2_P10415.fasta
RYRRDFAEMSSQLH,dfddcfbcebbced,12264820578097572707,sp|P10415|BCL2_HUMAN Apoptosis regulator Bcl-2 OS=Homo sapiens OX=9606 GN=BCL2 PE=1 SV=2,bcl2_P10415.fasta
YRRDFAEMSSQLHL,fddcfbcebbcede,7333466097490955042,sp|P10415|BCL2_HUMAN Apoptosis regulator Bcl-2 OS=Homo sapiens OX=9606 GN=BCL2 PE=1 SV=2,bcl2_P10415.fasta
RRDFAEMSSQLHLT,ddcfbcebbcedeb,1585882595126015533,sp|P10415|BCL2_HUMAN Apoptosis regulator Bcl-2 OS=Homo sapiens OX=9606 GN=BCL2 PE=1 SV=2,bcl2_P10415.fasta
RDFAEMSSQLHLTP,dcfbcebbcedebb,17113911864200178621,sp|P10415|BCL2_HUMAN Apoptosis regulator Bcl-2 OS=Homo sapiens OX=9606 GN=BCL2 PE=1 SV=2,bcl2_P10415.fasta
DFAEMSSQLHLTPF,cfbcebbcedebbf,5773346205746751760,sp|P10415|BCL2_HUMAN Apoptosis regulator Bcl-2 OS=Homo sapiens OX=9606 GN=BCL2 PE=1 SV=2,bcl2_P10415.fasta
FAEMSSQLHLTPFT,fbcebbcedebbfb,13364019445505648325,sp|P10415|BCL2_HUMAN Apoptosis regulator Bcl-2 OS=Homo sapiens OX=9606 GN=BCL2 PE=1 SV=2,bcl2_P10415.fasta
AEMSSQLHLTPFTA,bcebbcedebbfbb,9092759999831695337,sp|P10415|BCL2_HUMAN Apoptosis regulator Bcl-2 OS=Homo sapiens OX=9606 GN=BCL2 PE=1 SV=2,bcl2_P10415.fasta
EMSSQLHLTPFTAR,cebbcedebbfbbd,5176946410104448563,sp|P10415|BCL2_HUMAN Apoptosis regulator Bcl-2 OS=Homo sapiens OX=9606 GN=BCL2 PE=1 SV=2,bcl2_P10415.fasta
MSSQLHLTPFTARG,ebbcedebbfbbdb,1067694462084604141,sp|P10415|BCL2_HUMAN Apoptosis regulator Bcl-2 OS=Homo sapiens OX=9606 GN=BCL2 PE=1 SV=2,bcl2_P10415.fasta
SSQLHLTPFTARGR,bbcedebbfbbdbd,9478515482080570557,sp|P10415|BCL2_HUMAN Apoptosis regulator Bcl-2 OS=Homo sapiens OX=9606 GN=BCL2 PE=1 SV=2,bcl2_P10415.fasta
SQLHLTPFTARGRF,bcedebbfbbdbdf,10007540968697951043,sp|P10415|BCL2_HUMAN Apoptosis regulator Bcl-2 OS=Homo sapiens OX=9606 GN=BCL2 PE=1 SV=2,bcl2_P10415.fasta
QLHLTPFTARGRFA,cedebbfbbdbdfb,1750756936855177170,sp|P10415|BCL2_HUMAN Apoptosis regulator Bcl-2 OS=Homo sapiens OX=9606 GN=BCL2 PE=1 SV=2,bcl2_P10415.fasta
LHLTPFTARGRFAT,edebbfbbdbdfbb,4809751177047468672,sp|P10415|BCL2_HUMAN Apoptosis regulator Bcl-2 OS=Homo sapiens OX=9606 GN=BCL2 PE=1 SV=2,bcl2_P10415.fasta
HLTPFTARGRFATV,debbfbbdbdfbbe,17869277297135772150,sp|P10415|BCL2_HUMAN Apoptosis regulator Bcl-2 OS=Homo sapiens OX=9606 GN=BCL2 PE=1 SV=2,bcl2_P10415.fasta
LTPFTARGRFATVV,ebbfbbdbdfbbee,2894625391349019009,sp|P10415|BCL2_HUMAN Apoptosis regulator Bcl-2 OS=Homo sapiens OX=9606 GN=BCL2 PE=1 SV=2,bcl2_P10415.fasta
TPFTARGRFATVVE,bbfbbdbdfbbeec,12713924696021714927,sp|P10415|BCL2_HUMAN Apoptosis regulator Bcl-2 OS=Homo sapiens OX=9606 GN=BCL2 PE=1 SV=2,bcl2_P10415.fasta
PFTARGRFATVVEE,bfbbdbdfbbeecc,3117698767385323655,sp|P10415|BCL2_HUMAN Apoptosis regulator Bcl-2 OS=Homo sapiens OX=9606 GN=BCL2 PE=1 SV=2,bcl2_P10415.fasta
FTARGRFATVVEEL,fbbdbdfbbeecce,555446461710239119,sp|P10415|BCL2_HUMAN Apoptosis regulator Bcl-2 OS=Homo sapiens OX=9606 GN=BCL2 PE=1 SV=2,bcl2_P10415.fasta
TARGRFATVVEELF,bbdbdfbbeeccef,4214633256983253256,sp|P10415|BCL2_HUMAN Apoptosis regulator Bcl-2 OS=Homo sapiens OX=9606 GN=BCL2 PE=1 SV=2,bcl2_P10415.fasta
ARGRFATVVEELFR,bdbdfbbeeccefd,7275845498671071761,sp|P10415|BCL2_HUMAN Apoptosis regulator Bcl-2 OS=Homo sapiens OX=9606 GN=BCL2 PE=1 SV=2,bcl2_P10415.fasta
RGRFATVVEELFRD,dbdfbbeeccefdc,3070206840698619449,sp|P10415|BCL2_HUMAN Apoptosis regulator Bcl-2 OS=Homo sapiens OX=9606 GN=BCL2 PE=1 SV=2,bcl2_P10415.fasta
GRFATVVEELFRDG,bdfbbeeccefdcb,6862535720135653780,sp|P10415|BCL2_HUMAN Apoptosis regulator Bcl-2 OS=Homo sapiens OX=9606 GN=BCL2 PE=1 SV=2,bcl2_P10415.fasta
RFATVVEELFRDGV,dfbbeeccefdcbe,12397540597766730055,sp|P10415|BCL2_HUMAN Apoptosis regulator Bcl-2 OS=Homo sapiens OX=9606 GN=BCL2 PE=1 SV=2,bcl2_P10415.fasta
FATVVEELFRDGVN,fbbeeccefdcbec,15654105673705612649,sp|P10415|BCL2_HUMAN Apoptosis regulator Bcl-2 OS=Homo sapiens OX=9606 GN=BCL2 PE=1 SV=2,bcl2_P10415.fasta
ATVVEELFRDGVNW,bbeeccefdcbecf,17571743780333392157,sp|P10415|BCL2_HUMAN Apoptosis regulator Bcl-2 OS=Homo sapiens OX=9606 GN=BCL2 PE=1 SV=2,bcl2_P10415.fasta
TVVEELFRDGVNWG,beeccefdcbecfb,8277015406527772496,sp|P10415|BCL2_HUMAN Apoptosis regulator Bcl-2 OS=Homo sapiens OX=9606 GN=BCL2 PE=1 SV=2,bcl2_P10415.fasta
VVEELFRDGVNWGR,eeccefdcbecfbd,14642617743207307782,sp|P10415|BCL2_HUMAN Apoptosis regulator Bcl-2 OS=Homo sapiens OX=9606 GN=BCL2 PE=1 SV=2,bcl2_P10415.fasta
VEELFRDGVNWGRI,eccefdcbecfbde,178733255220191837,sp|P10415|BCL2_HUMAN Apoptosis regulator Bcl-2 OS=Homo sapiens OX=9606 GN=BCL2 PE=1 SV=2,bcl2_P10415.fasta
EELFRDGVNWGRIV,ccefdcbecfbdee,17930774727643199745,sp|P10415|BCL2_HUMAN Apoptosis regulator Bcl-2 OS=Homo sapiens OX=9606 GN=BCL2 PE=1 SV=2,bcl2_P10415.fasta
ELFRDGVNWGRIVA,cefdcbecfbdeeb,1862438347548898910,sp|P10415|BCL2_HUMAN Apoptosis regulator Bcl-2 OS=Homo sapiens OX=9606 GN=BCL2 PE=1 SV=2,bcl2_P10415.fasta
LFRDGVNWGRIVAF,efdcbecfbdeebf,3060036071199065550,sp|P10415|BCL2_HUMAN Apoptosis regulator Bcl-2 OS=Homo sapiens OX=9606 GN=BCL2 PE=1 SV=2,bcl2_P10415.fasta
FRDGVNWGRIVAFF,fdcbecfbdeebff,5073887236200482101,sp|P10415|BCL2_HUMAN Apoptosis regulator Bcl-2 OS=Homo sapiens OX=9606 GN=BCL2 PE=1 SV=2,bcl2_P10415.fasta
RDGVNWGRIVAFFE,dcbecfbdeebffc,17808881052232430387,sp|P10415|BCL2_HUMAN Apoptosis regulator Bcl-2 OS=Homo sapiens OX=9606 GN=BCL2 PE=1 SV=2,bcl2_P10415.fasta
DGVNWGRIVAFFEF,cbecfbdeebffcf,1510896982030762803,sp|P10415|BCL2_HUMAN Apoptosis regulator Bcl-2 OS=Homo sapiens OX=9606 GN=BCL2 PE=1 SV=2,bcl2_P10415.fasta
GVNWGRIVAFFEFG,becfbdeebffcfb,13603074019134475563,sp|P10415|BCL2_HUMAN Apoptosis regulator Bcl-2 OS=Homo sapiens OX=9606 GN=BCL2 PE=1 SV=2,bcl2_P10415.fasta
VNWGRIVAFFEFGG,ecfbdeebffcfbb,7393865851593614124,sp|P10415|BCL2_HUMAN Apoptosis regulator Bcl-2 OS=Homo sapiens OX=9606 GN=BCL2 PE=1 SV=2,bcl2_P10415.fasta
NWGRIVAFFEFGGV,cfbdeebffcfbbe,8980752335683232718,sp|P10415|BCL2_HUMAN Apoptosis regulator Bcl-2 OS=Homo sapiens OX=9606 GN=BCL2 PE=1 SV=2,bcl2_P10415.fasta
WGRIVAFFEFGGVM,fbdeebffcfbbee,8968123962144934121,sp|P10415|BCL2_HUMAN Apoptosis regulator Bcl-2 OS=Homo sapiens OX=9606 GN=BCL2 PE=1 SV=2,bcl2_P10415.fasta
GRIVAFFEFGGVMC,bdeebffcfbbeea,15105217300780624007,sp|P10415|BCL2_HUMAN Apoptosis regulator Bcl-2 OS=Homo sapiens OX=9606 GN=BCL2 PE=1 SV=2,bcl2_P10415.fasta
RIVAFFEFGGVMCV,deebffcfbbeeae,9259074594844581267,sp|P10415|BCL2_HUMAN Apoptosis regulator Bcl-2 OS=Homo sapiens OX=9606 GN=BCL2 PE=1 SV=2,bcl2_P10415.fasta
IVAFFEFGGVMCVE,eebffcfbbeeaec,8775937204303405707,sp|P10415|BCL2_HUMAN Apoptosis regulator Bcl-2 OS=Homo sapiens OX=9606 GN=BCL2 PE=1 SV=2,bcl2_P10415.fasta
VAFFEFGGVMCVES,ebffcfbbeeaecb,6090083386534895343,sp|P10415|BCL2_HUMAN Apoptosis regulator Bcl-2 OS=Homo sapiens OX=9606 GN=BCL2 PE=1 SV=2,bcl2_P10415.fasta
AFFEFGGVMCVESV,bffcfbbeeaecbe,11267262257991471155,sp|P10415|BCL2_HUMAN Apoptosis regulator Bcl-2 OS=Homo sapiens OX=9606 GN=BCL2 PE=1 SV=2,bcl2_P10415.fasta
FFEFGGVMCVESVN,ffcfbbeeaecbec,14779343969328377681,sp|P10415|BCL2_HUMAN Apoptosis regulator Bcl-2 OS=Homo sapiens OX=9606 GN=BCL2 PE=1 SV=2,bcl2_P10415.fasta
FEFGGVMCVESVNR,fcfbbeeaecbecd,16092941412420750297,sp|P10415|BCL2_HUMAN Apoptosis regulator Bcl-2 OS=Homo sapiens OX=9606 GN=BCL2 PE=1 SV=2,bcl2_P10415.fasta
EFGGVMCVESVNRE,cfbbeeaecbecdc,9209166769963454818,sp|P10415|BCL2_HUMAN Apoptosis regulator Bcl-2 OS=Homo sapiens OX=9606 GN=BCL2 PE=1 SV=2,bcl2_P10415.fasta
FGGVMCVESVNREM,fbbeeaecbecdce,3562078318774244678,sp|P10415|BCL2_HUMAN Apoptosis regulator Bcl-2 OS=Homo sapiens OX=9606 GN=BCL2 PE=1 SV=2,bcl2_P10415.fasta
GGVMCVESVNREMS,bbeeaecbecdceb,7433562201494522927,sp|P10415|BCL2_HUMAN Apoptosis regulator Bcl-2 OS=Homo sapiens OX=9606 GN=BCL2 PE=1 SV=2,bcl2_P10415.fasta
GVMCVESVNREMSP,beeaecbecdcebb,10427778748507719528,sp|P10415|BCL2_HUMAN Apoptosis regulator Bcl-2 OS=Homo sapiens OX=9606 GN=BCL2 PE=1 SV=2,bcl2_P10415.fasta
VMCVESVNREMSPL,eeaecbecdcebbe,6897138497516874236,sp|P10415|BCL2_HUMAN Apoptosis regulator Bcl-2 OS=Homo sapiens OX=9606 GN=BCL2 PE=1 SV=2,bcl2_P10415.fasta
MCVESVNREMSPLV,eaecbecdcebbee,14070840420013076316,sp|P10415|BCL2_HUMAN Apoptosis regulator Bcl-2 OS=Homo sapiens OX=9606 GN=BCL2 PE=1 SV=2,bcl2_P10415.fasta
CVESVNREMSPLVD,aecbecdcebbeec,17497294682097334357,sp|P10415|BCL2_HUMAN Apoptosis regulator Bcl-2 OS=Homo sapiens OX=9606 GN=BCL2 PE=1 SV=2,bcl2_P10415.fasta
VESVNREMSPLVDN,ecbecdcebbeecc,8093683938044014882,sp|P10415|BCL2_HUMAN Apoptosis regulator Bcl-2 OS=Homo sapiens OX=9606 GN=BCL2 PE=1 SV=2,bcl2_P10415.fasta
ESVNREMSPLVDNI,cbecdcebbeecce,15143444821874607970,sp|P10415|BCL2_HUMAN Apoptosis regulator Bcl-2 OS=Homo sapiens OX=9606 GN=BCL2 PE=1 SV=2,bcl2_P10415.fasta
SVNREMSPLVDNIA,becdcebbeecceb,2503243093098839801,sp|P10415|BCL2_HUMAN Apoptosis regulator Bcl-2 OS=Homo sapiens OX=9606 GN=BCL2 PE=1 SV=2,bcl2_P10415.fasta
VNREMSPLVDNIAL,ecdcebbeeccebe,6749122172337093129,sp|P10415|BCL2_HUMAN Apoptosis regulator Bcl-2 OS=Homo sapiens OX=9606 GN=BCL2 PE=1 SV=2,bcl2_P10415.fasta
NREMSPLVDNIALW,cdcebbeeccebef,16564510075226036060,sp|P10415|BCL2_HUMAN Apoptosis regulator Bcl-2 OS=Homo sapiens OX=9606 GN=BCL2 PE=1 SV=2,bcl2_P10415.fasta
REMSPLVDNIALWM,dcebbeeccebefe,3625732596670571244,sp|P10415|BCL2_HUMAN Apoptosis regulator Bcl-2 OS=Homo sapiens OX=9606 GN=BCL2 PE=1 SV=2,bcl2_P10415.fasta
EMSPLVDNIALWMT,cebbeeccebefeb,16660748400170362862,sp|P10415|BCL2_HUMAN Apoptosis regulator Bcl-2 OS=Homo sapiens OX=9606 GN=BCL2 PE=1 SV=2,bcl2_P10415.fasta
MSPLVDNIALWMTE,ebbeeccebefebc,4049869218372858204,sp|P10415|BCL2_HUMAN Apoptosis regulator Bcl-2 OS=Homo sapiens OX=9606 GN=BCL2 PE=1 SV=2,bcl2_P10415.fasta
SPLVDNIALWMTEY,bbeeccebefebcf,12260974540201430298,sp|P10415|BCL2_HUMAN Apoptosis regulator Bcl-2 OS=Homo sapiens OX=9606 GN=BCL2 PE=1 SV=2,bcl2_P10415.fasta
PLVDNIALWMTEYL,beeccebefebcfe,1723545118404439479,sp|P10415|BCL2_HUMAN Apoptosis regulator Bcl-2 OS=Homo sapiens OX=9606 GN=BCL2 PE=1 SV=2,bcl2_P10415.fasta
LVDNIALWMTEYLN,eeccebefebcfec,2695211136026686411,sp|P10415|BCL2_HUMAN Apoptosis regulator Bcl-2 OS=Homo sapiens OX=9606 GN=BCL2 PE=1 SV=2,bcl2_P10415.fasta
VDNIALWMTEYLNR,eccebefebcfecd,4092836489394789786,sp|P10415|BCL2_HUMAN Apoptosis regulator Bcl-2 OS=Homo sapiens OX=9606 GN=BCL2 PE=1 SV=2,bcl2_P10415.fasta
DNIALWMTEYLNRH,ccebefebcfecdd,15701246157555193086,sp|P10415|BCL2_HUMAN Apoptosis regulator Bcl-2 OS=Homo sapiens OX=9606 GN=BCL2 PE=1 SV=2,bcl2_P10415.fasta
NIALWMTEYLNRHL,cebefebcfecdde,3920854736982769355,sp|P10415|BCL2_HUMAN Apoptosis regulator Bcl-2 OS=Homo sapiens OX=9606 GN=BCL2 PE=1 SV=2,bcl2_P10415.fasta
IALWMTEYLNRHLH,ebefebcfecdded,13545168348067076125,sp|P10415|BCL2_HUMAN Apoptosis regulator Bcl-2 OS=Homo sapiens OX=9606 GN=BCL2 PE=1 SV=2,bcl2_P10415.fasta
ALWMTEYLNRHLHT,befebcfecddedb,12679318492776862323,sp|P10415|BCL2_HUMAN Apoptosis regulator Bcl-2 OS=Homo sapiens OX=9606 GN=BCL2 PE=1 SV=2,bcl2_P10415.fasta
LWMTEYLNRHLHTW,efebcfecddedbf,10611299877100694787,sp|P10415|BCL2_HUMAN Apoptosis regulator Bcl-2 OS=Homo sapiens OX=9606 GN=BCL2 PE=1 SV=2,bcl2_P10415.fasta
WMTEYLNRHLHTWI,febcfecddedbfe,11423982239977593589,sp|P10415|BCL2_HUMAN Apoptosis regulator Bcl-2 OS=Homo sapiens OX=9606 GN=BCL2 PE=1 SV=2,bcl2_P10415.fasta
MTEYLNRHLHTWIQ,ebcfecddedbfec,15720872232418975741,sp|P10415|BCL2_HUMAN Apoptosis regulator Bcl-2 OS=Homo sapiens OX=9606 GN=BCL2 PE=1 SV=2,bcl2_P10415.fasta
TEYLNRHLHTWIQD,bcfecddedbfecc,8665148085026782028,sp|P10415|BCL2_HUMAN Apoptosis regulator Bcl-2 OS=Homo sapiens OX=9606 GN=BCL2 PE=1 SV=2,bcl2_P10415.fasta
EYLNRHLHTWIQDN,cfecddedbfeccc,8183839320771420270,sp|P10415|BCL2_HUMAN Apoptosis regulator Bcl-2 OS=Homo sapiens OX=9606 GN=BCL2 PE=1 SV=2,bcl2_P10415.fasta
YLNRHLHTWIQDNG,fecddedbfecccb,15959999721712159412,sp|P10415|BCL2_HUMAN Apoptosis regulator Bcl-2 OS=Homo sapiens OX=9606 GN=BCL2 PE=1 SV=2,bcl2_P10415.fasta
LNRHLHTWIQDNGG,ecddedbfecccbb,7958598841357573716,sp|P10415|BCL2_HUMAN Apoptosis regulator Bcl-2 OS=Homo sapiens OX=9606 GN=BCL2 PE=1 SV=2,bcl2_P10415.fasta
NRHLHTWIQDNGGW,cddedbfecccbbf,3524499224170343002,sp|P10415|BCL2_HUMAN Apoptosis regulator Bcl-2 OS=Homo sapiens OX=9606 GN=BCL2 PE=1 SV=2,bcl2_P10415.fasta
RHLHTWIQDNGGWD,ddedbfecccbbfc,11208182011332864509,sp|P10415|BCL2_HUMAN Apoptosis regulator Bcl-2 OS=Homo sapiens OX=9606 GN=BCL2 PE=1 SV=2,bcl2_P10415.fasta
HLHTWIQDNGGWDA,dedbfecccbbfcb,1099287720529365931,sp|P10415|BCL2_HUMAN Apoptosis regulator Bcl-2 OS=Homo sapiens OX=9606 GN=BCL2 PE=1 SV=2,bcl2_P10415.fasta
LHTWIQDNGGWDAF,edbfecccbbfcbf,3938287138880974299,sp|P10415|BCL2_HUMAN Apoptosis regulator Bcl-2 OS=Homo sapiens OX=9606 GN=BCL2 PE=1 SV=2,bcl2_P10415.fasta
HTWIQDNGGWDAFV,dbfecccbbfcbfe,13801519046290856898,sp|P10415|BCL2_HUMAN Apoptosis regulator Bcl-2 OS=Homo sapiens OX=9606 GN=BCL2 PE=1 SV=2,bcl2_P10415.fasta
TWIQDNGGWDAFVE,bfecccbbfcbfec,6771845854241906765,sp|P10415|BCL2_HUMAN Apoptosis regulator Bcl-2 OS=Homo sapiens OX=9606 GN=BCL2 PE=1 SV=2,bcl2_P10415.fasta
WIQDNGGWDAFVEL,fecccbbfcbfece,10721351647763920684,sp|P10415|BCL2_HUMAN Apoptosis regulator Bcl-2 OS=Homo sapiens OX=9606 GN=BCL2 PE=1 SV=2,bcl2_P10415.fasta
IQDNGGWDAFVELY,ecccbbfcbfecef,7736286884047906441,sp|P10415|BCL2_HUMAN Apoptosis regulator Bcl-2 OS=Homo sapiens OX=9606 GN=BCL2 PE=1 SV=2,bcl2_P10415.fasta
QDNGGWDAFVELYG,cccbbfcbfecefb,12815054286422474086,sp|P10415|BCL2_HUMAN Apoptosis regulator Bcl-2 OS=Homo sapiens OX=9606 GN=BCL2 PE=1 SV=2,bcl2_P10415.fasta
DNGGWDAFVELYGP,ccbbfcbfecefbb,18363313342071259932,sp|P10415|BCL2_HUMAN Apoptosis regulator Bcl-2 OS=Homo sapiens OX=9606 GN=BCL2 PE=1 SV=2,bcl2_P10415.fasta
NGGWDAFVELYGPS,cbbfcbfecefbbb,8147760083703052458,sp|P10415|BCL2_HUMAN Apoptosis regulator Bcl-2 OS=Homo sapiens OX=9606 GN=BCL2 PE=1 SV=2,bcl2_P10415.fasta
GGWDAFVELYGPSM,bbfcbfecefbbbe,105057588715762217,sp|P10415|BCL2_HUMAN Apoptosis regulator Bcl-2 OS=Homo sapiens OX=9606 GN=BCL2 PE=1 SV=2,bcl2_P10415.fasta
GWDAFVELYGPSMR,bfcbfecefbbbed,8742450470910540303,sp|P10415|BCL2_HUMAN Apoptosis regulator Bcl-2 OS=Homo sapiens OX=9606 GN=BCL2 PE=1 SV=2,bcl2_P10415.fasta
WDAFVELYGPSMRP,fcbfecefbbbedb,586553140704057255,sp|P10415|BCL2_HUMAN Apoptosis regulator Bcl-2 OS=Homo sapiens OX=9606 GN=BCL2 PE=1 SV=2,bcl2_P10415.fasta
DAFVELYGPSMRPL,cbfecefbbbedbe,8966933666375298555,sp|P10415|BCL2_HUMAN Apoptosis regulator Bcl-2 OS=Homo sapiens OX=9606 GN=BCL2 PE=1 SV=2,bcl2_P10415.fasta
AFVELYGPSMRPLF,bfecefbbbedbef,5143546304791394371,sp|P10415|BCL2_HUMAN Apoptosis regulator Bcl-2 OS=Homo sapiens OX=9606 GN=BCL2 PE=1 SV=2,bcl2_P10415.fasta
FVELYGPSMRPLFD,fecefbbbedbefc,7405061881890845318,sp|P10415|BCL2_HUMAN Apoptosis regulator Bcl-2 OS=Homo sapiens OX=9606 GN=BCL2 PE=1 SV=2,bcl2_P10415.fasta
VELYGPSMRPLFDF,ecefbbbedbefcf,3529911136356408622,sp|P10415|BCL2_HUMAN Apoptosis regulator Bcl-2 OS=Homo sapiens OX=9606 GN=BCL2 PE=1 SV=2,bcl2_P10415.fasta
ELYGPSMRPLFDFS,cefbbbedbefcfb,6906758462841640156,sp|P10415|BCL2_HUMAN Apoptosis regulator Bcl-2 OS=Homo sapiens OX=9606 GN=BCL2 PE=1 SV=2,bcl2_P10415.fasta
LYGPSMRPLFDFSW,efbbbedbefcfbf,8858273113105095199,sp|P10415|BCL2_HUMAN Apoptosis regulator Bcl-2 OS=Homo sapiens OX=9606 GN=BCL2 PE=1 SV=2,bcl2_P10415.fasta
YGPSMRPLFDFSWL,fbbbedbefcfbfe,3338551320189062937,sp|P10415|BCL2_HUMAN Apoptosis regulator Bcl-2 OS=Homo sapiens OX=9606 GN=BCL2 PE=1 SV=2,bcl2_P10415.fasta
GPSMRPLFDFSWLS,bbbedbefcfbfeb,2440065947732368919,sp|P10415|BCL2_HUMAN Apoptosis regulator Bcl-2 OS=Homo sapiens OX=9606 GN=BCL2 PE=1 SV=2,bcl2_P10415.fasta
PSMRPLFDFSWLSL,bbedbefcfbfebe,4408213528504464529,sp|P10415|BCL2_HUMAN Apoptosis regulator Bcl-2 OS=Homo sapiens OX=9606 GN=BCL2 PE=1 SV=2,bcl2_P10415.fasta
SMRPLFDFSWLSLK,bedbefcfbfebed,733262069262534680,sp|P10415|BCL2_HUMAN Apoptosis regulator Bcl-2 OS=Homo sapiens OX=9606 GN=BCL2 PE=1 SV=2,bcl2_P10415.fasta
MRPLFDFSWLSLKT,edbefcfbfebedb,9301728879650937096,sp|P10415|BCL2_HUMAN Apoptosis regulator Bcl-2 OS=Homo sapiens OX=9606 GN=BCL2 PE=1 SV=2,bcl2_P10415.fasta
RPLFDFSWLSLKTL,dbefcfbfebedbe,12391615300156983522,sp|P10415|BCL2_HUMAN Apoptosis regulator Bcl-2 OS=Homo sapiens OX=9606 GN=BCL2 PE=1 SV=2,bcl2_P10415.fasta
PLFDFSWLSLKTLL,befcfbfebedbee,12013727810665294606,sp|P10415|BCL2_HUMAN Apoptosis regulator Bcl-2 OS=Homo sapiens OX=9606 GN=BCL2 PE=1 SV=2,bcl2_P10415.fasta
LFDFSWLSLKTLLS,efcfbfebedbeeb,3689559266156316824,sp|P10415|BCL2_HUMAN Apoptosis regulator Bcl-2 OS=Homo sapiens OX=9606 GN=BCL2 PE=1 SV=2,bcl2_P10415.fasta
FDFSWLSLKTLLSL,fcfbfebedbeebe,7989451109848573190,sp|P10415|BCL2_HUMAN Apoptosis regulator Bcl-2 OS=Homo sapiens OX=9606 GN=BCL2 PE=1 SV=2,bcl2_P10415.fasta
DFSWLSLKTLLSLA,cfbfebedbeebeb,7274331648649775649,sp|P10415|BCL2_HUMAN Apoptosis regulator Bcl-2 OS=Homo sapiens OX=9606 GN=BCL2 PE=1 SV=2,bcl2_P10415.fasta
FSWLSLKTLLSLAL,fbfebedbeebebe,12414181560919590537,sp|P10415|BCL2_HUMAN Apoptosis regulator Bcl-2 OS=Homo sapiens OX=9606 GN=BCL2 PE=1 SV=2,bcl2_P10415.fasta
SWLSLKTLLSLALV,bfebedbeebebee,9317260204085392446,sp|P10415|BCL2_HUMAN Apoptosis regulator Bcl-2 OS=Homo sapiens OX=9606 GN=BCL2 PE=1 SV=2,bcl2_P10415.fasta
WLSLKTLLSLALVG,febedbeebebeeb,1601812764963856839,sp|P10415|BCL2_HUMAN Apoptosis regulator Bcl-2 OS=Homo sapiens OX=9606 GN=BCL2 PE=1 SV=2,bcl2_P10415.fasta
LSLKTLLSLALVGA,ebedbeebebeebb,8589044702025294965,sp|P10415|BCL2_HUMAN Apoptosis regulator Bcl-2 OS=Homo sapiens OX=9606 GN=BCL2 PE=1 SV=2,bcl2_P10415.fasta
SLKTLLSLALVGAC,bedbeebebeebba,8229775136161566981,sp|P10415|BCL2_HUMAN Apoptosis regulator Bcl-2 OS=Homo sapiens OX=9606 GN=BCL2 PE=1 SV=2,bcl2_P10415.fasta
LKTLLSLALVGACI,edbeebebeebbae,6661966102487559990,sp|P10415|BCL2_HUMAN Apoptosis regulator Bcl-2 OS=Homo sapiens OX=9606 GN=BCL2 PE=1 SV=2,bcl2_P10415.fasta
KTLLSLALVGACIT,dbeebebeebbaeb,13081559681653151477,sp|P10415|BCL2_HUMAN Apoptosis regulator Bcl-2 OS=Homo sapiens OX=9606 GN=BCL2 PE=1 SV=2,bcl2_P10415.fasta
TLLSLALVGACITL,beebebeebbaebe,17220099890798978069,sp|P10415|BCL2_HUMAN Apoptosis regulator Bcl-2 OS=Homo sapiens OX=9606 GN=BCL2 PE=1 SV=2,bcl2_P10415.fasta
LLSLALVGACITLG,eebebeebbaebeb,12200883203953488902,sp|P10415|BCL2_HUMAN Apoptosis regulator Bcl-2 OS=Homo sapiens OX=9606 GN=BCL2 PE=1 SV=2,bcl2_P10415.fasta
LSLALVGACITLGA,ebebeebbaebebb,6677762396750670885,sp|P10415|BCL2_HUMAN Apoptosis regulator Bcl-2 OS=Homo sapiens OX=9606 GN=BCL2 PE=1 SV=2,bcl2_P10415.fasta
SLALVGACITLGAY,bebeebbaebebbf,3256445263207379103,sp|P10415|BCL2_HUMAN Apoptosis regulator Bcl-2 OS=Homo sapiens OX=9606 GN=BCL2 PE=1 SV=2,bcl2_P10415.fasta
LALVGACITLGAYL,ebeebbaebebbfe,17423412242950656665,sp|P10415|BCL2_HUMAN Apoptosis regulator Bcl-2 OS=Homo sapiens OX=9606 GN=BCL2 PE=1 SV=2,bcl2_P10415.fasta
ALVGACITLGAYLG,beebbaebebbfeb,18404666557765186717,sp|P10415|BCL2_HUMAN Apoptosis regulator Bcl-2 OS=Homo sapiens OX=9606 GN=BCL2 PE=1 SV=2,bcl2_P10415.fasta
LVGACITLGAYLGH,eebbaebebbfebd,10227030863243555680,sp|P10415|BCL2_HUMAN Apoptosis regulator Bcl-2 OS=Homo sapiens OX=9606 GN=BCL2 PE=1 SV=2,bcl2_P10415.fasta
VGACITLGAYLGHK,ebbaebebbfebdd,6136622417571666806,sp|P10415|BCL2_HUMAN Apoptosis regulator Bcl-2 OS=Homo sapiens OX=9606 GN=BCL2 PE=1 SV=2,bcl2_P10415.fasta
